Date,F,SOL,REDU
3/2/2015,16.57,6.85,16.61
3/3/2015,16.17,6.75,15.14
3/4/2015,16.03,7.15,14.27
3/5/2015,16.11,8.15,12.21
3/6/2015,15.93,7.7,12.3
3/9/2015,16.03,7.2,13.74
3/10/2015,15.72,6.75,14.36
3/11/2015,15.75,6.45,14.14
3/12/2015,16.17,6.55,12.92
3/13/2015,16.2,6.45,12.85
3/16/2015,16.49,6.5,13.33
3/17/2015,16.39,7,13.57
3/18/2015,16.46,7.2,12.75
3/19/2015,16.34,7.4,12.31
3/20/2015,16.48,8.1,12.13
3/23/2015,16.57,7.6,11.42
3/24/2015,16.56,8,10.81
3/25/2015,16.18,7.4,10.32
3/26/2015,16.01,7.35,9.72
3/27/2015,15.98,7.45,9.89
3/30/2015,16.16,7.25,10.69
3/31/2015,16.14,7.35,9.78
4/1/2015,15.91,7.5,9.75
4/2/2015,16.03,8,10.06
4/6/2015,16,8.3,9.63
4/7/2015,15.9,8,10.59
4/8/2015,15.98,7.95,9.92
4/9/2015,15.95,7.95,9.97
4/10/2015,16.03,8.05,10.17
4/13/2015,15.87,8.9,10.06
4/14/2015,15.97,9.2,10.07
4/15/2015,16.07,9.7,10.37
4/16/2015,15.94,9.55,10.56
4/17/2015,15.76,8.9,10.81
4/20/2015,15.91,9.4,11.15
4/21/2015,15.82,9.15,11.76
4/22/2015,15.91,9.15,12.3
4/23/2015,15.76,9.2,11.97
4/24/2015,15.77,8.85,12.2
4/27/2015,15.9,8.9,12.36
4/28/2015,16.06,8.95,12.34
4/29/2015,16.02,8.95,12.61
4/30/2015,15.8,8.5,12.53
5/1/2015,15.81,8.45,12.55
5/4/2015,15.78,8.5,12.5
5/5/2015,15.53,8.25,12.8
5/6/2015,15.48,7.8,14.24
5/7/2015,15.51,7.2,14.62
5/8/2015,15.67,7.5,14.79
5/11/2015,15.65,8.1,14.88
5/12/2015,15.56,8.45,15.31
5/13/2015,15.41,8.4,15.11
5/14/2015,15.27,8.3,15
5/15/2015,15.48,8.2,14.94
5/18/2015,15.58,7.85,14.49
5/19/2015,15.5,7.3,14.91
5/20/2015,15.3,7.55,14.98
5/21/2015,15.51,7.6,14.96
5/22/2015,15.27,7.5,14.64
5/26/2015,15.19,7.4,14.96
5/27/2015,15.32,7.35,14.95
5/28/2015,15.29,7.55,16.3
5/29/2015,15.17,7.3,16.3
6/1/2015,15.36,7.15,16.06
6/2/2015,15.26,6.85,16.4
6/3/2015,15.2,6.6,16.34
6/4/2015,15.05,6.5,16.3
6/5/2015,14.78,7,16.5
6/8/2015,14.9,6.55,16.45
6/9/2015,14.88,6.6,16.45
6/10/2015,15.03,6.8,16.45
6/11/2015,15.28,6.9,16
6/12/2015,15.23,6.95,14
6/15/2015,15.05,7.25,15.61
6/16/2015,15,7.2,15.8
6/17/2015,15.02,7.15,15.27
6/18/2015,15.14,7.55,15.54
6/19/2015,15.11,8.45,15.97
6/22/2015,15.13,8.05,16
6/23/2015,15.29,7.8,16.34
6/24/2015,15.5,7.55,16.47
6/25/2015,15.44,7.5,16.39
6/26/2015,15.4,7.25,16.38
6/29/2015,15.02,6.85,16.31
6/30/2015,15.01,6.85,16.06
7/1/2015,14.99,6.7,16.48
7/2/2015,14.87,7,15.92
7/6/2015,14.79,6.85,16.49
7/7/2015,14.85,6.65,16.49
7/8/2015,14.37,6.3,15.55
7/9/2015,14.33,6.55,15.38
7/10/2015,14.48,6.55,15.39
7/13/2015,14.64,6.75,15.84
7/14/2015,14.81,6.9,15.81
7/15/2015,14.75,6.8,15.65
7/16/2015,14.57,7.05,15.67
7/17/2015,14.69,7.2,17.08
7/20/2015,14.57,7,17.41
7/21/2015,14.51,6.8,17.08
7/22/2015,14.42,6.5,16.34
7/23/2015,14.61,6.5,14.34
7/24/2015,14.39,6.5,16.48
7/27/2015,14.55,6.45,16.98
7/28/2015,14.83,6.6,17.03
7/29/2015,15.21,6.55,15.47
7/30/2015,15.1,6.5,15.83
7/31/2015,14.83,6.55,14.94
8/3/2015,14.94,6.35,15.06
8/4/2015,14.91,6.35,15.1
8/5/2015,14.8,6.8,15.31
8/6/2015,14.83,6.7,15.02
8/7/2015,14.8,6.55,14.88
8/10/2015,14.99,6.6,15.06
8/11/2015,14.7,6.5,15.28
8/12/2015,14.68,6.4,14.95
8/13/2015,14.71,6.45,15.36
8/14/2015,14.78,6.45,14.98
8/17/2015,14.68,6.6,15.39
8/18/2015,14.83,6.65,15.36
8/19/2015,14.77,6.5,15.04
8/20/2015,14.43,6.35,14.93
8/21/2015,13.86,6.2,14.97
8/24/2015,13.19,5.85,15.09
8/25/2015,12.9,5.8,15.82
8/26/2015,13.21,5.45,16.1
8/27/2015,13.56,5.7,16.03
8/28/2015,13.74,6.3,16.24
8/31/2015,13.87,6.2,16.45
9/1/2015,13.72,6.1,15.72
9/2/2015,13.87,6.15,15.95
9/3/2015,13.84,6.25,16.33
9/4/2015,13.56,6.25,15.6
9/8/2015,13.67,6.3,15.7
9/9/2015,13.53,6.4,15.63
9/10/2015,13.73,6.4,15.58
9/11/2015,13.71,6.25,15.69
9/14/2015,13.78,6,15.54
9/15/2015,14.31,5.6,16.02
9/16/2015,14.64,5.7,16.17
9/17/2015,14.6,5.5,17.15
9/18/2015,14.28,4.75,17.21
9/21/2015,14.32,5,17.75
9/22/2015,13.92,5,17.02
9/23/2015,13.68,4.93,16.34
9/24/2015,13.65,4.88,15.87
9/25/2015,13.53,4.88,16.24
9/28/2015,13.12,4.6,16.11
9/29/2015,13.15,4.75,16.18
9/30/2015,13.57,4.86,16.03
10/1/2015,13.67,5.4,16.02
10/2/2015,13.99,5.95,15.93
10/5/2015,14.19,6.75,15.74
10/6/2015,14.31,6.8,15.69
10/7/2015,14.75,6.5,16.38
10/8/2015,14.99,6.7,16.01
10/9/2015,14.97,6.75,15.45
10/12/2015,14.98,6.55,15.02
10/13/2015,14.94,6.7,14.6
10/14/2015,15.01,7.2,14.7
10/15/2015,15.22,7.35,14.5
10/16/2015,15.28,7.35,14.5
10/19/2015,15.36,7.15,14
10/20/2015,15.38,7.3,13.91
10/21/2015,15.41,7.05,13.91
10/22/2015,15.58,6.95,15.15
10/23/2015,15.67,7,14.62
10/26/2015,15.68,6.95,14.69
10/27/2015,14.89,6.6,14.4
10/28/2015,14.97,6.85,14.56
10/29/2015,14.73,6.6,14.32
10/30/2015,14.81,6.6,14.72
11/2/2015,14.75,6.8,14.2
11/3/2015,14.81,7,14.08
11/4/2015,14.65,6.95,14.12
11/5/2015,14.57,6.8,14.23
11/6/2015,14.52,7.05,14.51
11/9/2015,14.33,7.05,14.09
11/10/2015,14.28,6.55,14.75
11/11/2015,14.31,6.4,14.57
11/12/2015,14.04,6.3,13.81
11/13/2015,13.92,6.3,13.42
11/16/2015,14.04,6.7,13.74
11/17/2015,14.15,6.6,13.93
11/18/2015,14.46,6.45,13.27
11/19/2015,14.57,6.45,13.14
11/20/2015,14.6,6.25,13
11/23/2015,14.55,6.25,12.78
11/24/2015,14.55,6.5,12.67
11/25/2015,14.55,6.55,12.98
11/27/2015,14.53,6.5,13.19
11/30/2015,14.33,6.45,13.37
12/1/2015,14.56,6.55,13.14
12/2/2015,14.26,6.75,13.23
12/3/2015,13.98,6.9,12.8
12/4/2015,14.2,6.55,13.28
12/7/2015,14.12,6.65,13.01
12/8/2015,13.97,6.65,12.76
12/9/2015,13.89,6.45,13.12
12/10/2015,13.96,6.6,12.9
12/11/2015,13.64,6.5,12.78
12/14/2015,13.62,6.6,12.76
12/15/2015,13.87,6.55,12.84
12/16/2015,14.36,7.45,12.89
12/17/2015,13.98,7.6,12.6
12/18/2015,13.8,8.1,11.42
12/21/2015,13.73,8.85,11.1
12/22/2015,14.2,8.55,11.13
12/23/2015,14.36,9.45,11.03
12/24/2015,14.31,9.55,10.66
12/28/2015,14.18,9.45,10.29
12/29/2015,14.23,9.4,10.31
12/30/2015,14.17,8.85,10.46
12/31/2015,14.09,8.5,10.29
1/4/2016,13.97,9.1,10.65
1/5/2016,13.72,8.9,10.48
1/6/2016,13.11,9.05,10.44
1/7/2016,12.7,8.45,9.83
1/8/2016,12.54,8.5,10.55
1/11/2016,12.77,8.25,10.25
1/12/2016,12.85,8.25,9.91
1/13/2016,12.2,8.15,10
1/14/2016,12.19,8.25,10.14
1/15/2016,11.97,7.3,9.89
1/19/2016,11.95,7.3,9.95
1/20/2016,11.9,7,10.22
1/21/2016,12.01,7.35,10.62
1/22/2016,12.14,7.75,10.63
1/25/2016,11.98,7.45,10.83
1/26/2016,12.26,7.7,11.09
1/27/2016,11.85,7.65,11.51
1/28/2016,11.71,7.55,12.42
1/29/2016,11.94,7.85,12.24
2/1/2016,12.07,7.6,12.07
2/2/2016,11.51,7,11.63
2/3/2016,11.46,7.2,11.51
2/4/2016,11.53,7.2,11.75
2/5/2016,11.45,7.2,11.83
2/8/2016,11.59,6.9,12.26
2/9/2016,11.35,6.5,11.95
2/10/2016,11.34,6.3,11.94
2/11/2016,11.17,6.1,11.67
2/12/2016,11.55,6.3,11.54
2/16/2016,11.87,6.45,11.65
2/17/2016,12.27,6.9,11.46
2/18/2016,12.26,6.9,10.92
2/19/2016,12.1,7.1,10.88
2/22/2016,12.56,7.35,11.47
2/23/2016,12.42,7.1,11.11
2/24/2016,12.08,7.25,11.09
2/25/2016,12.39,7.3,10.88
2/26/2016,12.47,7.2,10.74
2/29/2016,12.51,7.2,10.66
3/1/2016,13.09,7.15,10.69
3/2/2016,13.22,7.3,10.59
3/3/2016,13.54,7.5,10.4
3/4/2016,13.59,7.25,10.79
3/7/2016,13.62,7.3,10.44
3/8/2016,13.23,7.25,10.3
3/9/2016,13.19,7.05,12
3/10/2016,13.15,6.95,11.37
3/11/2016,13.29,7,11.5
3/14/2016,13.27,7.35,11.56
3/15/2016,13.23,7.45,12
3/16/2016,13.5,7.4,11.62
3/17/2016,13.47,7.3,11.21
3/18/2016,13.64,7.55,11.15
3/21/2016,13.66,7.45,11.01
3/22/2016,13.59,7.45,11.01
3/23/2016,13.26,7.15,10.58
3/24/2016,13.06,7,10.83
3/28/2016,13.09,6.8,10.2
3/29/2016,13.2,7.05,9.01
3/30/2016,13.35,7.2,8.4
3/31/2016,13.5,7.2,8.05
4/1/2016,13.1,7.05,8.16
4/4/2016,12.8,7,8.75
4/5/2016,12.77,6.95,8.56
4/6/2016,12.82,6.9,8.11
4/7/2016,12.52,6.8,8.31
4/8/2016,12.55,6.8,8.5
4/11/2016,12.66,6.85,8.77
4/12/2016,12.81,6.9,8.75
4/13/2016,13.06,7.05,8.53
4/14/2016,13.09,7.1,8.6
4/15/2016,12.94,6.85,8.25
4/18/2016,13.25,6.9,8.03
4/19/2016,13.44,6.95,8.22
4/20/2016,13.64,7.2,8.37
4/21/2016,13.65,7.25,8.25
4/22/2016,13.61,7.3,8.17
4/25/2016,13.58,7.05,8.42
4/26/2016,13.75,7.05,8.09
4/27/2016,13.66,7.05,7.84
4/28/2016,14.09,7,7.21
4/29/2016,13.56,6.9,6.95
5/2/2016,13.62,6.55,7.9
5/3/2016,13.43,6.3,7.44
5/4/2016,13.31,6.3,7.81
5/5/2016,13.32,6.15,7.91
5/6/2016,13.44,6.1,7.96
5/9/2016,13.32,6.05,8.02
5/10/2016,13.49,6,7.96
5/11/2016,13.32,6.3,8.03
5/12/2016,13.35,6.1,8.26
5/13/2016,13.22,6.1,8.03
5/16/2016,13.32,6.15,8.26
5/17/2016,13.14,6.25,8.22
5/18/2016,13.16,6.25,8.2
5/19/2016,13.09,6,8.39
5/20/2016,13.19,6.15,8.35
5/23/2016,13.13,7.1,8.67
5/24/2016,13.29,6.85,8.52
5/25/2016,13.52,6.9,8.82
5/26/2016,13.46,7.05,9
5/27/2016,13.45,6.75,8.6
5/31/2016,13.49,6.8,8.89
6/1/2016,13.11,6.7,8.84
6/2/2016,13.21,6.6,8.92
6/3/2016,13.04,6.5,8.95
6/6/2016,13.18,6.75,8.94
6/7/2016,13.38,6.85,9.48
6/8/2016,13.36,6.95,8.49
6/9/2016,13.26,6.75,8.98
6/10/2016,13.1,6.5,9
6/13/2016,12.98,6.5,9.22
6/14/2016,12.84,6.4,9.2
6/15/2016,13.01,6.3,9.2
6/16/2016,13.12,6.4,9.23
6/17/2016,13.26,6.25,9.39
6/20/2016,13.42,6.38,9.36
6/21/2016,13.22,6.3,9.48
6/22/2016,13.18,6.2,9.4
6/23/2016,13.4,6.2,10
6/24/2016,12.52,5.95,9.62
6/27/2016,12.16,6,9.77
6/28/2016,12.39,6,9.83
6/29/2016,12.55,6,10.03
6/30/2016,12.57,6.2,10.1
7/1/2016,12.72,6.15,10.36
7/5/2016,12.4,5.95,10.96
7/6/2016,12.57,6.1,10.63
7/7/2016,12.75,6,10.86
7/8/2016,13.09,6.15,10.77
7/11/2016,13.27,6.25,10.77
7/12/2016,13.45,6.25,10.73
7/13/2016,13.48,6.05,10.73
7/14/2016,13.59,6.2,10.69
7/15/2016,13.57,6.25,10.61
7/18/2016,13.65,6.2,10.6
7/19/2016,13.65,6.25,10.65
7/20/2016,13.74,6.35,10.08
7/21/2016,13.92,6.15,10
7/22/2016,13.84,6.05,9.74
7/25/2016,13.83,6.1,9.95
7/26/2016,13.86,6.05,9.88
7/27/2016,13.84,6,9.78
7/28/2016,12.71,6,9.85
7/29/2016,12.66,6,9.88
8/1/2016,12.48,6.25,9.69
8/2/2016,11.94,6.15,9.79
8/3/2016,12.13,6,9.73
8/4/2016,12.08,6.05,9.87
8/5/2016,12.19,6.1,9.91
8/8/2016,12.18,6.1,10.28
8/9/2016,12.31,6,10.35
8/10/2016,12.25,5.95,10.31
8/11/2016,12.31,6,10.46
8/12/2016,12.33,5.95,10.75
8/15/2016,12.43,6.1,10.7
8/16/2016,12.34,6.1,10.24
8/17/2016,12.39,6.1,10.48
8/18/2016,12.33,6.15,10.11
8/19/2016,12.39,6.15,10.14
8/22/2016,12.36,6.25,10.44
8/23/2016,12.42,6.35,10.28
8/24/2016,12.3,6.15,10.21
8/25/2016,12.47,6.05,10.09
8/26/2016,12.38,5.9,9.9
8/29/2016,12.47,5.9,9.78
8/30/2016,12.55,5.9,9.99
8/31/2016,12.6,5.8,9.9
9/1/2016,12.44,5.85,10.39
9/2/2016,12.5,5.7,10.34
9/6/2016,12.67,5.7,9.81
9/7/2016,12.7,5.45,9.98
9/8/2016,12.73,5.5,10.03
9/9/2016,12.38,5.25,9.81
9/12/2016,12.7,5.25,9.78
9/13/2016,12.38,5.15,10.25
9/14/2016,12.14,5,9.78
9/15/2016,12.11,4.97,9.2
9/16/2016,12.11,4.9,9.7
9/19/2016,12.11,4.9,9.77
9/20/2016,12,4.76,9.47
9/21/2016,12.09,4.81,9.28
9/22/2016,12.18,5.05,9.36
9/23/2016,12.17,5,9.25
9/26/2016,12.01,5.05,9.26
9/27/2016,11.98,5.1,8.98
9/28/2016,12.09,5.1,9.34
9/29/2016,11.97,5.15,9.56
9/30/2016,12.07,5.05,9.01
10/3/2016,12.1,5.15,8.99
10/4/2016,12.2,5.1,9.17
10/5/2016,12.48,5.2,8.07
10/6/2016,12.39,5.2,9
10/7/2016,12.29,5.15,9.67
10/10/2016,12.12,5.15,9.19
10/11/2016,11.99,5.05,9.5
10/12/2016,11.96,5,9.43
10/13/2016,11.91,4.92,9.25
10/14/2016,11.91,5,9.19
10/17/2016,11.88,4.88,9.53
10/18/2016,11.89,4.85,9.54
10/19/2016,12.01,4.9,9.48
10/20/2016,11.97,5.1,9.53
10/21/2016,12.02,4.92,8.99
10/24/2016,12.19,4.91,9.03
10/25/2016,11.85,4.85,9.1
10/26/2016,11.88,4.81,9.13
10/27/2016,11.74,4.8,9.29
10/28/2016,11.72,4.72,9
10/31/2016,11.74,4.75,9.41
11/1/2016,11.61,4.63,9.53
11/2/2016,11.4,4.56,9.36
11/3/2016,11.35,4.48,9.51
11/4/2016,11.34,4.45,9.43
11/7/2016,11.58,4.54,9.66
11/8/2016,11.48,4.35,9.52
11/9/2016,11.58,4.2,9.5
11/10/2016,11.94,3.95,9.18
11/11/2016,12.28,4.03,9.01
11/14/2016,12.06,4.13,8.98
11/15/2016,12.04,4,8.9
11/16/2016,12,3.94,8.86
11/17/2016,11.87,3.82,8.85
11/18/2016,11.76,3.8,9.13
11/21/2016,11.79,3.8,9.01
11/22/2016,11.89,3.83,8.68
11/23/2016,11.9,3.93,8.7
11/25/2016,12.04,3.85,8.72
11/28/2016,11.92,3.79,8.86
11/29/2016,11.92,3.7,8.7
11/30/2016,11.96,3.67,8.59
12/1/2016,12.43,3.45,8.62
12/2/2016,12.24,3.45,8.5
12/5/2016,12.44,3.85,8.5
12/6/2016,12.56,3.72,8.34
12/7/2016,13.06,3.9,8.19
12/8/2016,13.03,3.68,8.25
12/9/2016,13.17,3.52,8.69
12/12/2016,12.82,3.29,8.47
12/13/2016,12.77,3.4,8.22
12/14/2016,12.53,3.24,8.08
12/15/2016,12.58,3.19,8.15
12/16/2016,12.63,3.23,8.13
12/19/2016,12.66,3.47,8.01
12/20/2016,12.78,3.45,8.5
12/21/2016,12.64,3.43,8.03
12/22/2016,12.4,3.31,8.17
12/23/2016,12.46,3.25,8.28
12/27/2016,12.39,3.3,8.21
12/28/2016,12.25,3.3,8
12/29/2016,12.23,3.15,7.88
12/30/2016,12.13,3.2,7.86
1/3/2017,12.59,3.26,7.68
1/4/2017,13.17,3.28,8.49
1/5/2017,12.77,3.3,8.28
1/6/2017,12.76,3.23,7.9
1/9/2017,12.63,3.3,7.69
1/10/2017,12.85,3.31,7.74
1/11/2017,12.67,3.4,7.74
1/12/2017,12.59,3.38,7.68
1/13/2017,12.63,3.48,7.71
1/17/2017,12.61,3.42,7.77
1/18/2017,12.41,3.3,7.78
1/19/2017,12.43,3.25,8.49
1/20/2017,12.36,3.25,8.52
1/23/2017,12.31,3.22,8.01
1/24/2017,12.61,3.16,8.14
1/25/2017,12.79,3.1,8.03
1/26/2017,12.37,3.13,8.8
1/27/2017,12.49,3.18,8.23
1/30/2017,12.37,3.06,8.21
1/31/2017,12.36,2.99,8.66
2/1/2017,12.32,3.01,8.46
2/2/2017,12.28,3.03,8.94
2/3/2017,12.56,3.1,
2/6/2017,12.52,2.95,
2/7/2017,12.34,3.06,
2/8/2017,12.38,3.04,
2/9/2017,12.38,3.07,
2/10/2017,12.51,3.1,
2/13/2017,12.56,3.12,
2/14/2017,12.65,3.12,
2/15/2017,12.63,3.14,
2/16/2017,12.54,3.04,
2/17/2017,12.58,3.11,
2/21/2017,12.69,3.33,
2/22/2017,12.67,3.13,
2/23/2017,12.56,3.17,
2/24/2017,12.47,3.06,
2/27/2017,12.66,3.04,
2/28/2017,12.53,2.93,
3/1/2017,12.69,2.91,
3/2/2017,12.66,2.92,
3/3/2017,12.65,2.9,
3/6/2017,12.52,2.7,
3/7/2017,12.46,2.41,
3/8/2017,12.53,2.29,
3/9/2017,12.5,2.26,
3/10/2017,12.53,2.3,
3/13/2017,12.54,2.36,
3/14/2017,12.55,2.3,
3/15/2017,12.65,2.35,
3/16/2017,12.7,2.43,
3/17/2017,12.48,2.52,
3/20/2017,12.28,2.43,
3/21/2017,11.72,2.42,
3/22/2017,11.77,2.42,
3/23/2017,11.67,2.4,
3/24/2017,11.62,2.42,
3/27/2017,11.46,2.41,
3/28/2017,11.65,2.39,
3/29/2017,11.68,2.36,
3/30/2017,11.68,2.37,
3/31/2017,11.64,2.4,
4/3/2017,11.44,2.36,
4/4/2017,11.37,2.47,
4/5/2017,11.26,2.49,
4/6/2017,11.27,2.58,
4/7/2017,11.23,2.62,
4/10/2017,11.25,2.67,
4/11/2017,11.28,2.67,
4/12/2017,11.23,2.57,
4/13/2017,11.11,2.5,
4/17/2017,11.28,2.5,
4/18/2017,11.14,2.43,
4/19/2017,11.19,2.41,
4/20/2017,11.47,2.46,
4/21/2017,11.34,2.39,
4/24/2017,11.43,2.35,
4/25/2017,11.48,2.38,
4/26/2017,11.6,2.42,
4/27/2017,11.47,2.44,
4/28/2017,11.47,2.43,
5/1/2017,11.42,2.4,
5/2/2017,10.92,2.4,
5/3/2017,11.07,2.48,
5/4/2017,11,2.47,
5/5/2017,11.14,2.41,
5/8/2017,11.13,2.49,
5/9/2017,11.16,2.45,
5/10/2017,11.04,2.51,
5/11/2017,11.01,2.61,
5/12/2017,10.92,2.78,
5/15/2017,10.94,2.74,
5/16/2017,10.94,2.6,
5/17/2017,10.76,2.52,
5/18/2017,10.79,2.52,
5/19/2017,10.87,2.89,
5/22/2017,11.1,2.81,
5/23/2017,11.05,2.78,
5/24/2017,10.96,2.81,
5/25/2017,10.86,2.86,
5/26/2017,10.93,2.79,
5/30/2017,11.08,2.74,
5/31/2017,11.12,2.71,
6/1/2017,11.41,2.68,
6/2/2017,11.35,2.7,
6/5/2017,11.25,2.51,
6/6/2017,11.12,2.5,
6/7/2017,11.07,2.47,
6/8/2017,11.1,2.45,
6/9/2017,11.13,2.36,
6/12/2017,11.28,2.4,
6/13/2017,11.27,2.39,
6/14/2017,11.22,2.52,
6/15/2017,11.24,2.57,
6/16/2017,11.22,2.45,
6/19/2017,11.24,2.5,
6/20/2017,11.12,2.42,
6/21/2017,11.04,2.43,
6/22/2017,11.13,2.52,
6/23/2017,11.04,2.6,
6/26/2017,11.18,2.53,
6/27/2017,11.08,2.48,
6/28/2017,11.09,2.47,
6/29/2017,11.17,2.42,
6/30/2017,11.19,2.44,
7/3/2017,11.56,2.42,
7/5/2017,11.3,2.44,
7/6/2017,11.18,2.45,
7/7/2017,11.26,2.44,
7/10/2017,11.34,2.4,
7/11/2017,11.38,2.42,
7/12/2017,11.47,2.45,
7/13/2017,11.6,2.45,
7/14/2017,11.68,2.5,
7/17/2017,11.74,2.48,
7/18/2017,11.75,2.59,
7/19/2017,11.83,2.67,
7/20/2017,11.7,2.64,
7/21/2017,11.53,2.6,
7/24/2017,11.29,2.64,
7/25/2017,11.27,2.6,
7/26/2017,11.06,2.77,
7/27/2017,11.18,2.74,
7/28/2017,11.17,2.85,
7/31/2017,11.22,2.76,
8/1/2017,10.95,2.74,
8/2/2017,11,2.65,
8/3/2017,10.93,2.69,
8/4/2017,10.95,2.61,
8/7/2017,10.92,2.74,
8/8/2017,10.89,2.65,
8/9/2017,10.92,2.62,
8/10/2017,10.77,2.58,
8/11/2017,10.77,2.56,
8/14/2017,10.91,2.53,
8/15/2017,10.84,2.52,
8/16/2017,10.8,2.59,
8/17/2017,10.64,2.5,
8/18/2017,10.56,2.61,
8/21/2017,10.57,2.53,
8/22/2017,10.65,2.51,
8/23/2017,10.71,2.49,
8/24/2017,10.71,2.47,
8/25/2017,10.82,2.46,
8/28/2017,10.79,2.45,
8/29/2017,10.84,2.49,
8/30/2017,10.94,2.46,
8/31/2017,11.03,2.45,
9/1/2017,11.35,2.54,
9/5/2017,11.36,2.47,
9/6/2017,11.5,2.44,
9/7/2017,11.4,2.43,
9/8/2017,11.36,2.31,
9/11/2017,11.41,2.33,
9/12/2017,11.59,2.29,
9/13/2017,11.62,2.27,
9/14/2017,11.56,2.2,
9/15/2017,11.62,2.21,
9/18/2017,11.63,2.23,
9/19/2017,11.72,2.24,
9/20/2017,11.72,2.32,
9/21/2017,11.72,2.23,
9/22/2017,11.84,2.22,
9/25/2017,11.94,2.36,
9/26/2017,11.93,2.45,
9/27/2017,11.95,2.41,
9/28/2017,11.96,2.26,
9/29/2017,11.97,2.33,
10/2/2017,12.09,2.24,
10/3/2017,12.34,2.32,
10/4/2017,12.3,2.31,
10/5/2017,12.25,2.29,
10/6/2017,12.31,2.35,
10/9/2017,12.34,2.37,
10/10/2017,12.39,2.37,
10/11/2017,12.38,2.29,
10/12/2017,12.12,2.31,
10/13/2017,12.05,2.33,
10/16/2017,12.12,2.37,
10/17/2017,12.27,2.34,
10/18/2017,12.19,2.32,
10/19/2017,12.23,2.37,
10/20/2017,12.1,2.36,
10/23/2017,12.04,2.76,
10/24/2017,12.19,2.9,
10/25/2017,12.04,2.88,
10/26/2017,12.27,2.86,
10/27/2017,12.06,2.91,
10/30/2017,12.1,2.92,
10/31/2017,12.27,2.88,
11/1/2017,12.35,2.77,
11/2/2017,12.42,2.64,
11/3/2017,12.36,2.7,
11/6/2017,12.33,2.6,
11/7/2017,12.16,2.6,
11/8/2017,12.06,2.84,
11/9/2017,12.04,2.83,
11/10/2017,12.01,2.88,
11/13/2017,12.16,3.12,
11/14/2017,12.02,3.32,
11/15/2017,12,3.16,
11/16/2017,12.04,3.27,
11/17/2017,12.01,3.15,
11/20/2017,12.13,3.2,
11/21/2017,12.12,3.1,
11/22/2017,12.07,3.2,
11/24/2017,12.1,3.3,
11/27/2017,12.11,3.3,
11/28/2017,12.21,3.66,
11/29/2017,12.56,3.49,
11/30/2017,12.52,3.53,
12/1/2017,12.58,3.3,
12/4/2017,12.63,3.19,
12/5/2017,12.43,3.31,
12/6/2017,12.38,2.91,
12/7/2017,12.53,3.06,
12/8/2017,12.61,3.03,
12/11/2017,12.58,3.04,
12/12/2017,12.6,2.96,
12/13/2017,12.63,2.91,
12/14/2017,12.46,2.94,
12/15/2017,12.58,2.96,
12/18/2017,12.66,3.03,
12/19/2017,12.69,2.94,
12/20/2017,12.72,2.91,
12/21/2017,12.63,2.86,
12/22/2017,12.58,2.88,
12/26/2017,12.6,2.85,
12/27/2017,12.5,2.79,
12/28/2017,12.58,2.64,
12/29/2017,12.49,2.66,
1/2/2018,12.66,2.95,
1/3/2018,12.76,2.82,
1/4/2018,12.98,2.81,
1/5/2018,13.2,3.1,
1/8/2018,13.15,3.15,
1/9/2018,13.08,3.03,
1/10/2018,13.03,3,
1/11/2018,13.16,3.07,
1/12/2018,13.23,3.06,
1/16/2018,13.1,3.03,
1/17/2018,12.18,2.99,
1/18/2018,12.07,2.89,
1/19/2018,12,2.8,
1/22/2018,12.02,2.8,
1/23/2018,11.96,2.77,
1/24/2018,12.05,2.77,
1/25/2018,11.57,2.79,
1/26/2018,11.65,2.8,
1/29/2018,11.12,2.66,
1/30/2018,11.06,2.72,
1/31/2018,10.97,2.7,
2/1/2018,10.92,2.64,
2/2/2018,10.71,2.58,
2/5/2018,10.24,2.4,
2/6/2018,10.76,2.55,
2/7/2018,10.76,2.48,
2/8/2018,10.43,2.41,
2/9/2018,10.53,2.32,
2/12/2018,10.7,2.37,
2/13/2018,10.59,2.43,
2/14/2018,10.74,2.51,
2/15/2018,10.76,2.42,
2/16/2018,10.61,2.4,
2/20/2018,10.63,2.5,
2/21/2018,10.6,2.47,
2/22/2018,10.63,2.5,
2/23/2018,10.7,2.5,
2/26/2018,10.89,2.5,
2/27/2018,10.61,2.44,
2/28/2018,10.61,2.44,
3/1/2018,10.29,2.44,
3/2/2018,10.4,2.41,
3/5/2018,10.58,2.45,
3/6/2018,10.63,2.5,
3/7/2018,10.63,2.48,
3/8/2018,10.61,2.45,
3/9/2018,10.73,2.49,
3/12/2018,10.81,2.54,
3/13/2018,10.78,2.58,
3/14/2018,11.02,2.58,
3/15/2018,11.07,2.6,
3/16/2018,11.15,2.53,
3/19/2018,11.01,2.55,
3/20/2018,10.99,2.69,
3/21/2018,11.1,2.61,
3/22/2018,10.75,2.57,
3/23/2018,10.56,2.51,
3/26/2018,10.83,2.6,
3/27/2018,10.83,2.61,
3/28/2018,10.86,2.51,
3/29/2018,11.08,2.56,
4/2/2018,10.86,2.52,
4/3/2018,11.15,2.51,
4/4/2018,11.33,2.51,
4/5/2018,11.35,2.49,
4/6/2018,11.18,2.41,
4/9/2018,11.25,2.34,
4/10/2018,11.45,2.48,
4/11/2018,11.43,2.43,
4/12/2018,11.31,2.42,
4/13/2018,11.28,2.38,
4/16/2018,11.38,2.44,
4/17/2018,11.38,2.46,
4/18/2018,11.33,2.66,
4/19/2018,10.96,2.55,
4/20/2018,10.82,2.65,
4/23/2018,11.04,2.64,
4/24/2018,10.96,2.7,
4/25/2018,11.11,2.76,
4/26/2018,11.43,2.63,
4/27/2018,11.49,2.83,
4/30/2018,11.24,2.85,
5/1/2018,11.26,2.9,
5/2/2018,11.21,2.95,
5/3/2018,11.2,2.79,
5/4/2018,11.36,2.84,
5/7/2018,11.34,2.8,
5/8/2018,11.27,2.7,
5/9/2018,11.06,2.87,
5/10/2018,11.21,2.82,
5/11/2018,11.19,2.71,
5/14/2018,11.18,2.82,
5/15/2018,11.22,2.8,
5/16/2018,11.4,2.81,
5/17/2018,11.46,2.8,
5/18/2018,11.46,2.8,
5/21/2018,11.51,2.8,
5/22/2018,11.52,2.73,
5/23/2018,11.44,2.76,
5/24/2018,11.62,2.68,
5/25/2018,11.51,2.7,
5/29/2018,11.44,2.66,
5/30/2018,11.55,2.63,
5/31/2018,11.55,2.57,
6/1/2018,11.71,2.53,
6/4/2018,11.74,2.33,
6/5/2018,11.83,2.31,
6/6/2018,11.97,2.36,
6/7/2018,12.03,2.33,
6/8/2018,12.1,2.32,
6/11/2018,12.03,2.34,
6/12/2018,12.11,2.38,
6/13/2018,12.02,2.56,
6/14/2018,11.89,2.49,
6/15/2018,11.88,2.46,
6/18/2018,11.99,2.44,
6/19/2018,11.89,2.49,
6/20/2018,11.87,2.54,
6/21/2018,11.71,2.68,
6/22/2018,11.65,2.76,
6/25/2018,11.5,2.74,
6/26/2018,11.52,2.71,
6/27/2018,11.42,2.64,
6/28/2018,11.28,2.58,
6/29/2018,11.07,2.55,
7/2/2018,11.1,2.47,
7/3/2018,10.99,2.48,
7/5/2018,11.05,2.52,
7/6/2018,11.06,2.51,
7/9/2018,11.2,2.55,
7/10/2018,11.25,2.55,
7/11/2018,11.07,2.49,
7/12/2018,11.05,2.52,
7/13/2018,10.98,2.5,
7/16/2018,10.85,2.5,
7/17/2018,10.86,2.49,
7/18/2018,10.87,2.44,
7/19/2018,10.82,2.47,
7/20/2018,10.56,2.48,
7/23/2018,10.47,2.44,
7/24/2018,10.57,2.46,
7/25/2018,10.52,2.45,
7/26/2018,9.89,2.36,
7/27/2018,9.93,2.34,
7/30/2018,10.07,2.32,
7/31/2018,10.04,2.41,
8/1/2018,9.9,2.45,
8/2/2018,9.92,2.45,
8/3/2018,10.04,2.46,
8/6/2018,10.03,2.44,
8/7/2018,10.08,2.45,
8/8/2018,10.05,2.45,
8/9/2018,9.91,2.42,
8/10/2018,9.74,2.42,
8/13/2018,9.46,2.38,
8/14/2018,9.5,2.34,
8/15/2018,9.45,2.27,
8/16/2018,9.51,2.29,
8/17/2018,9.55,2.3,
8/20/2018,9.72,2.26,
8/21/2018,9.86,2.29,
8/22/2018,9.69,2.28,
8/23/2018,9.63,2.3,
8/24/2018,9.68,2.29,
8/27/2018,9.99,2.32,
8/28/2018,10.01,2.32,
8/29/2018,9.97,2.32,
8/30/2018,9.7,2.31,
8/31/2018,9.48,2.34,
9/4/2018,9.47,2.4,
9/5/2018,9.49,2.4,
9/6/2018,9.43,2.32,
9/7/2018,9.27,2.29,
9/10/2018,9.38,2.23,
9/11/2018,9.31,2.26,
9/12/2018,9.34,2.26,
9/13/2018,9.37,2.25,
9/14/2018,9.45,2.21,
9/17/2018,9.55,2.22,
9/18/2018,9.58,2.18,
9/19/2018,9.78,2.18,
9/20/2018,9.81,2.17,
9/21/2018,9.85,2.18,
9/24/2018,9.59,2.18,
9/25/2018,9.39,2.15,
9/26/2018,9.27,2.16,
9/27/2018,9.23,2.13,
9/28/2018,9.25,2.02,
10/1/2018,9.32,2,
10/2/2018,9.2,2.01,
10/3/2018,9.13,2.01,
10/4/2018,9.15,2.05,
10/5/2018,9.12,2,
10/8/2018,9.26,2.02,
10/9/2018,8.95,2.01,
10/10/2018,8.82,2.02,
10/11/2018,8.81,2,
10/12/2018,8.64,2,
10/15/2018,8.81,2.01,
10/16/2018,8.8,2.03,
10/17/2018,8.76,2.01,
10/18/2018,8.51,2,
10/19/2018,8.5,2,
10/22/2018,8.41,2,
10/23/2018,8.59,1.92,
10/24/2018,8.18,1.82,
10/25/2018,8.99,1.73,
10/26/2018,8.98,1.7,
10/29/2018,9.28,1.58,
10/30/2018,9.46,1.52,
10/31/2018,9.55,1.65,
11/1/2018,9.29,1.75,
11/2/2018,9.38,1.65,
11/5/2018,9.53,1.7,
11/6/2018,9.54,1.67,
11/7/2018,9.6,1.7,
11/8/2018,9.46,1.59,
11/9/2018,9.38,1.63,
11/12/2018,9.49,1.63,
11/13/2018,9.54,1.62,
11/14/2018,9.54,1.65,
11/15/2018,9.31,1.66,
11/16/2018,9.05,1.67,
11/19/2018,9.25,1.62,
11/20/2018,9.06,1.52,
11/21/2018,9.11,1.52,
11/23/2018,9.13,1.5,
11/26/2018,9.4,1.56,
11/27/2018,9.28,1.7,
11/28/2018,9.41,1.74,
11/29/2018,9.37,1.7,
11/30/2018,9.41,1.7,
12/3/2018,9.6,1.66,
12/4/2018,9.18,1.4,
12/6/2018,9.02,1.53,
12/7/2018,8.82,1.58,
12/10/2018,8.52,1.51,
12/11/2018,8.54,1.51,
12/12/2018,8.64,1.46,
12/13/2018,8.5,1.47,
12/14/2018,8.52,1.42,
12/17/2018,8.5,1.34,
12/18/2018,8.47,1.35,
12/19/2018,8.32,1.38,
12/20/2018,8.26,1.33,
12/21/2018,8.05,1.31,
12/24/2018,7.63,1.22,
12/26/2018,7.85,1.21,
12/27/2018,7.85,1.17,
12/28/2018,7.81,1.16,
12/31/2018,7.65,1.19,
1/2/2019,7.9,1.25,
1/3/2019,7.78,1.25,
1/4/2019,8.08,1.33,
1/7/2019,8.29,1.36,
1/8/2019,8.37,1.36,
1/9/2019,8.72,1.35,
1/10/2019,8.67,1.46,
1/11/2019,8.82,1.46,
1/14/2019,8.99,1.56,
1/15/2019,8.84,1.67,
1/16/2019,8.29,1.62,
1/17/2019,8.36,1.59,
1/18/2019,8.58,1.55,
1/22/2019,8.5,1.52,
1/23/2019,8.34,1.5,
1/24/2019,8.6,1.72,
1/25/2019,8.86,1.75,
1/28/2019,8.66,1.72,
1/29/2019,8.76,1.74,
1/30/2019,8.71,1.7,
1/31/2019,8.8,1.77,
2/1/2019,8.72,1.77,
2/4/2019,8.7,1.81,
2/5/2019,8.75,1.7,
2/6/2019,8.72,1.77,
2/7/2019,8.31,1.74,
2/8/2019,8.39,1.68,
2/11/2019,8.33,1.66,
2/12/2019,8.46,1.7,
2/13/2019,8.41,1.65,
2/14/2019,8.42,1.68,
2/15/2019,8.54,1.7,
2/19/2019,8.83,1.71,
2/20/2019,8.94,1.8,
2/21/2019,8.71,1.78,
2/22/2019,8.71,1.94,
2/25/2019,8.76,2.08,
2/26/2019,8.88,2,
2/27/2019,8.78,2.04,
2/28/2019,8.77,2.03,
3/1/2019,8.79,1.92,
3/4/2019,8.81,1.98,
3/5/2019,8.77,2.01,
3/6/2019,8.58,1.86,
3/7/2019,8.48,1.79,
3/8/2019,8.42,1.84,
3/11/2019,8.61,1.8,
3/12/2019,8.57,1.73,
3/13/2019,8.53,1.78,
3/14/2019,8.41,1.83,
3/15/2019,8.43,1.84,
3/18/2019,8.57,1.8,
3/19/2019,8.7,1.77,
3/20/2019,8.51,1.78,
3/21/2019,8.69,1.71,
3/22/2019,8.54,1.7,
3/25/2019,8.51,1.68,
3/26/2019,8.76,1.65,
3/27/2019,8.62,1.68,
3/28/2019,8.77,1.67,
3/29/2019,8.78,1.69,
4/1/2019,8.98,1.74,
4/2/2019,9.01,1.71,
4/3/2019,9.13,1.68,
4/4/2019,9.24,1.61,
4/5/2019,9.25,1.68,
4/8/2019,9.3,1.65,
4/9/2019,9.21,1.68,
4/10/2019,9.33,1.69,
4/11/2019,9.39,1.67,
4/12/2019,9.45,1.64,
4/15/2019,9.33,1.62,
4/16/2019,9.36,1.64,
4/17/2019,9.5,1.63,
4/18/2019,9.55,1.67,
4/22/2019,9.35,1.6,
4/23/2019,9.5,1.62,
4/24/2019,9.57,1.6,
4/25/2019,9.4,1.63,
4/26/2019,10.41,1.55,
4/29/2019,10.32,1.49,
4/30/2019,10.45,1.6,
5/1/2019,10.3,1.54,
5/2/2019,10.34,1.46,
5/3/2019,10.41,1.5,
5/6/2019,10.37,1.48,
5/7/2019,10.38,1.46,
5/8/2019,10.34,1.49,
5/9/2019,10.2,1.46,
5/10/2019,10.38,1.48,
5/13/2019,10.08,1.46,
5/14/2019,10.24,1.48,
5/15/2019,10.36,1.49,
5/16/2019,10.4,1.45,
5/17/2019,10.29,1.46,
5/20/2019,10.28,1.45,
5/21/2019,10.24,1.47,
5/22/2019,9.97,1.42,
5/23/2019,9.85,1.4,
5/24/2019,9.83,1.35,
5/28/2019,9.78,1.28,
5/29/2019,9.71,1.27,
5/30/2019,9.74,1.27,
5/31/2019,9.52,1.26,
6/3/2019,9.61,1.28,
6/4/2019,9.92,1.32,
6/5/2019,9.78,1.31,
6/6/2019,9.75,1.31,
6/7/2019,9.76,1.27,
6/10/2019,9.82,1.27,
6/11/2019,9.92,1.31,
6/12/2019,9.85,1.26,
6/13/2019,10.06,1.27,
6/14/2019,9.98,1.3,
6/17/2019,10.05,1.29,
6/18/2019,10.1,1.29,
6/19/2019,10.04,1.28,
6/20/2019,10.04,1.27,
6/21/2019,9.99,1.26,
6/24/2019,9.95,1.28,
6/25/2019,9.84,1.27,
6/26/2019,9.91,1.39,
6/27/2019,10.2,1.27,
6/28/2019,10.23,1.28,
7/1/2019,10.15,1.26,
7/2/2019,10.12,1.27,
7/3/2019,10.2,1.3,
7/5/2019,10.2,1.29,
7/8/2019,10.2,1.41,
7/9/2019,10.14,1.33,
7/10/2019,10.11,1.24,
7/11/2019,10.19,1.29,
7/12/2019,10.49,1.25,
7/15/2019,10.42,1.29,
7/16/2019,10.51,1.25,
7/17/2019,10.33,1.26,
7/18/2019,10.26,1.18,
7/19/2019,10.2,1.18,
7/22/2019,10.02,1.12,
7/23/2019,10.17,1.1,
7/24/2019,10.33,1.09,
7/25/2019,9.56,1.06,
7/26/2019,9.57,1.08,
7/29/2019,9.6,1.05,
7/30/2019,9.55,1.07,
7/31/2019,9.53,1.08,
8/1/2019,9.31,1.1,
8/2/2019,9.28,1.06,
8/5/2019,9.23,1.01,
8/6/2019,9.48,0.98,
8/7/2019,9.53,0.9,
8/8/2019,9.56,0.96,
8/9/2019,9.45,0.98,
8/12/2019,9.29,1,
8/13/2019,9.26,0.98,
8/14/2019,9,0.96,
8/15/2019,8.86,0.86,
8/16/2019,8.96,0.9,
8/19/2019,9.03,0.93,
8/20/2019,8.96,0.96,
8/21/2019,9.04,0.94,
8/22/2019,9.04,0.92,
8/23/2019,8.77,0.91,
8/26/2019,8.82,0.95,
8/27/2019,8.76,0.94,
8/28/2019,9,0.94,
8/29/2019,9.12,0.95,
8/30/2019,9.17,0.96,
9/3/2019,9.1,1.03,
9/4/2019,9.2,0.99,
9/5/2019,9.34,1.05,
9/6/2019,9.34,1.01,
9/9/2019,9.54,1.03,
9/10/2019,9.42,1.04,
9/11/2019,9.42,1,
9/12/2019,9.41,1.04,
9/13/2019,9.45,1.06,
9/16/2019,9.3,1.22,
9/17/2019,9.28,1.17,
9/18/2019,9.25,1.29,
9/19/2019,9.1,1.56,
9/20/2019,9.17,1.88,
9/23/2019,9.16,1.9,
9/24/2019,9.11,1.8,
9/25/2019,9.2,1.8,
9/26/2019,9.14,1.74,
9/27/2019,9.08,1.58,
